domainId,name,description,primaryRegulatoryDriver
D-01,Data Protection & Encryption,Data protection, encryption, pseudonymisation, anonymisation,GDPR
D-02,Vulnerability Management,Vulnerability assessment, patching, coordinated disclosure,CRA
D-03,Access Control,Authentication, authorization, session management,GDPR,NIS2,CRA
D-04,Incident Response,Breach notification, incident handling, lessons learned,GDPR,NIS2,CRA,AI Act
D-05,Data Lifecycle,Collection, processing, storage, deletion,GDPR,AI Act
D-06,Supply Chain,Third-party risk, vendor management,DPA,DORA
D-07,Secure Development,Secure coding, testing, certification,CRA,NIS2,DORA
D-08,Human Factors,Awareness training, security culture,NIS2,GDPR
D-09,Governance & Documentation,Policies, procedures, documentation,audit,GDPR,CRA,NIS2,DORA,AI Act
D-10,Monitoring & Audit,Logging, monitoring, intrusion detection,DORA,AI Act,NIS2
