subDomainId,domainId,name,description,keywords,examples,soleAuthority,gapRisk
D-01.1,D-01,Encryption at Rest,Encryption of personal data stored in systems, databases, or backups,"encryption,AES,at rest,storage,database","Encrypt customer database,Encrypt backup files,Use TLS 1.3 for storage",CRA,HIGH
D-01.2,D-01,Encryption in Transit,Encryption of personal data during transmission,"encryption,TLS,HTTPS,VPN","Use TLS 1.3 for all communications","Enable HTTPS for all APIs",CRA,MEDIUM
D-01.3,D-01,Encryption Key Management,Secure storage and rotation of encryption keys,"key management,rotation,HSM","Use HSM for master keys","Rotate keys every 90 days",CRA,HIGH
D-01.4,D-01,Pseudonymisation,Transforming personal data to pseudonymous form,"pseudonymisation,hashing","Hash user identifiers","Use tokenization for user IDs",GDPR,LOW
D-02.1,D-02,Vulnerability Scanning,Regular automated scanning for vulnerabilities,"vulnerability scanning,automated,tools","Run weekly vulnerability scans","Use Nessus, OpenVAS",CRA,HIGH
D-02.2,D-02,Vulnerability Assessment,Prioritizing and assessing vulnerability impact,"vulnerability assessment,CVSS,prioritization","Assess within 24 hours","Use CVSS scoring",CRA,HIGH
D-02.3,D-02,Vulnerability Patching,Applying security patches in timely manner,"patching,timely,SLA","Patch within 7 days for critical","Establish patch SLA",CRA,HIGH
D-02.4,D-02,Coordinated Disclosure,Coordinated disclosure of vulnerabilities with vendors,"coordinated disclosure,vendor coordination","Follow vendor disclosure process","Establish disclosure workflow",NIS2,HIGH
D-03.1,D-03,Authentication,Verifying user identity before granting access,"authentication,MFA,password","Require MFA for admin access","Implement MFA",GDPR,NIS2,CRA,HIGH
D-03.2,D-03,Authorization,Granting appropriate permissions based on role,"authorization,RBAC,least privilege","Use RBAC with least privilege","Implement role-based access",GDPR,NIS2,CRA,HIGH
D-03.3,D-03,Session Management,Secure session lifecycle and termination,"session,timeout,termination","Terminate sessions after 30 min inactivity","Implement session timeout",GDPR,NIS2,MEDIUM
D-03.4,D-03,Privileged Access Control,Control over privileged account usage,"privileged access,PAM,monitoring","Monitor all privileged access","Implement PAM solution",CRA,HIGH
D-04.1,D-04,Breach Detection,Automated detection of security breaches,"breach detection,IDS,monitoring","Implement intrusion detection","Use SIEM solution",GDPR,NIS2,CRA,HIGH
D-04.2,D-04,Breach Notification,Notification of personal data breaches to authorities,"breach notification,72h timeline,reporting","Report within 72 hours","Establish breach notification workflow",GDPR,CRA,HIGH
D-04.3,D-04,Incident Response,Structured response to security incidents,"incident response,playbook,CSIRT","Follow incident response playbook","Develop incident response procedures",GDPR,NIS2,CRA,HIGH
D-04.4,D-04,Lessons Learned,Documenting and learning from incidents,"lessons learned,documentation,continuous improvement","Post-incident review","Conduct post-incident analysis",GDPR,NIS2,MEDIUM
D-05.1,D-05,Data Minimisation,Collecting only necessary personal data,"data minimisation,least collection,privacy by design","Collect only required data","Implement data collection policy",GDPR,AI Act,HIGH
D-05.2,D-05,Purpose Limitation,Using personal data only for specified purposes,"purpose limitation,specified purpose,consent","Use data only for stated purpose","Obtain explicit consent",GDPR,AI Act,HIGH
D-05.3,D-05,Storage Limitation,Storing personal data only for necessary duration,"storage limitation,data retention,deletion","Delete after purpose completed","Implement data retention policy",GDPR,AI Act,HIGH
D-05.4,D-05,Right to Erasure,Enabling deletion of personal data upon request,"right to erasure,deletion,DSAR","Process DSARs within 30 days","Implement DSAR workflow",GDPR,MEDIUM
D-06.1,D-06,Third-Party Risk Assessment,Assessing security of third-party vendors,"third-party risk,vendor assessment,questionnaire","Conduct vendor security assessments","Implement vendor risk process",DORA,CRA,HIGH
D-06.2,D-06,Vendor Management,Managing security requirements for vendors,"vendor management,SLA,contract","Include security in vendor contracts","Establish vendor security SLAs",DORA,CRA,HIGH
D-06.3,D-06,Supply Chain Security,Securing the software supply chain,"supply chain,SBOM,dependency","Maintain SBOM for dependencies","Track all dependencies",DORA,CRA,HIGH
D-06.4,D-06,Incident Coordination,Coordinating incident response with third parties,"incident coordination,communication,playbook","Establish incident communication plan",DORA,CRA,MEDIUM
D-07.1,D-07,Secure Coding,Following secure coding practices,"secure coding,code review,training","Mandate code reviews","Implement peer review process",CRA,NIS2,HIGH
D-07.2,D-07,Secure SDLC Certification,Certified secure software development lifecycle,"secure SDLC,certification,SAMM","Obtain SAMM certification",DORA,HIGH
D-07.3,D-07,Independent Security Testing,Independent security testing by qualified experts,"security testing,pentesting,independent","Conduct annual pentest",NIS2,HIGH
D-07.4,D-07,Supply Chain Security,Security of software supply chain,"supply chain,SBOM,component security","Verify component security","Implement component verification",DORA,HIGH
D-08.1,D-08,Security Awareness,Regular security awareness training for employees,"security training,awareness,phishing","Monthly security awareness training","Implement security training program",NIS2,GDPR,HIGH
D-08.2,D-08,Role-Based Training,Specialized training for privileged roles,"specialized training,admin,privileged","Annual admin training","Provide specialized admin training",NIS2,MEDIUM
D-08.3,D-08,Security Culture,Fostering security-conscious culture,"security culture,employee engagement,leadership","Foster security culture","Implement security culture program",NIS2,HIGH
D-09.1,D-09,Security Policies,Written security policies and procedures,"policies,procedures,documentation","Document all security policies","Develop comprehensive policies",GDPR,NIS2,CRA,DORA,HIGH
D-09.2,D-09,Procedures,Operational procedures for security incidents,"procedures,playbooks,runbooks","Develop incident response playbooks","Document operational procedures",GDPR,NIS2,CRA,DORA,HIGH
D-09.3,D-09,Compliance Documentation,Documenting compliance with regulations,"compliance documentation,audit,evidence","Maintain compliance records","Implement compliance tracking",GDPR,NIS2,CRA,DORA,AI Act,HIGH
D-09.4,D-09,Training Documentation,Documenting security training and awareness,"training documentation,attendance,records","Track all training","Maintain training records",GDPR,NIS2,MEDIUM
D-10.1,D-10,Security Logging,Logging of security events,"logging,audit trail,retention","Log all security events","Implement comprehensive logging",DORA,NIS2,AI Act,HIGH
D-10.2,D-10,Monitoring,Real-time monitoring of security events,"monitoring,SIEM,alerts","Implement real-time monitoring","Use SIEM solution",DORA,NIS2,HIGH
D-10.3,D-10,Audit Logging,Regular audit logging for compliance,"audit,compliance,reporting","Conduct regular security audits","Implement audit schedule",DORA,NIS2,AI Act,HIGH
